{"cameraMode":{"drawMode":0,"name":"Shaded","section":"Shading Mode"},"sceneLighting":false,"audioPlay":false,"sceneViewState":{"showFog":true,"showMaterialUpdate":false,"showSkybox":true,"showFlares":true,"showImageEffects":true,"showParticleSystems":true},"in2DMode":false,"pivot":{"x":-10.767936706542969,"y":-7.897717475891113,"z":0.4631798267364502},"rotation":{"x":0.23328496515750886,"y":-0.7498272657394409,"z":0.35323086380958559,"w":0.5085476636886597},"size":4.754765510559082,"orthographic":false}